-- MySQL dump 10.13  Distrib 5.5.49, for osx10.11 (x86_64)
--
-- Host: localhost    Database: intern_diary_test
-- ------------------------------------------------------
-- Server version	5.5.49

/*!40101 SET @OLD_CHARACTER_SET_CLIENT=@@CHARACTER_SET_CLIENT */;
/*!40101 SET @OLD_CHARACTER_SET_RESULTS=@@CHARACTER_SET_RESULTS */;
/*!40101 SET @OLD_COLLATION_CONNECTION=@@COLLATION_CONNECTION */;
/*!40101 SET NAMES utf8 */;
/*!40103 SET @OLD_TIME_ZONE=@@TIME_ZONE */;
/*!40103 SET TIME_ZONE='+00:00' */;
/*!40014 SET @OLD_UNIQUE_CHECKS=@@UNIQUE_CHECKS, UNIQUE_CHECKS=0 */;
/*!40014 SET @OLD_FOREIGN_KEY_CHECKS=@@FOREIGN_KEY_CHECKS, FOREIGN_KEY_CHECKS=0 */;
/*!40101 SET @OLD_SQL_MODE=@@SQL_MODE, SQL_MODE='NO_AUTO_VALUE_ON_ZERO' */;
/*!40111 SET @OLD_SQL_NOTES=@@SQL_NOTES, SQL_NOTES=0 */;

--
-- Table structure for table `diary`
--

DROP TABLE IF EXISTS `diary`;
/*!40101 SET @saved_cs_client     = @@character_set_client */;
/*!40101 SET character_set_client = utf8 */;
CREATE TABLE `diary` (
  `diary_id` bigint(20) unsigned NOT NULL AUTO_INCREMENT,
  `user_id` bigint(20) unsigned NOT NULL,
  `title` varchar(255) NOT NULL,
  PRIMARY KEY (`diary_id`),
  KEY `user_id` (`user_id`)
) ENGINE=InnoDB AUTO_INCREMENT=125 DEFAULT CHARSET=utf8mb4;
/*!40101 SET character_set_client = @saved_cs_client */;

--
-- Dumping data for table `diary`
--

LOCK TABLES `diary` WRITE;
/*!40000 ALTER TABLE `diary` DISABLE KEYS */;
INSERT INTO `diary` VALUES (1,1,'test_diary_nnsAzpkpCofnSti'),(2,2,'test_diary_xBZULdApByeucJ6'),(3,3,'test_diary_yFk142unHMh0bIk'),(4,4,'test_diary_V7iTv4SrsYPTFXi'),(5,5,'test_diary_wAmAXD3a1r8sZjn'),(6,6,'test_diary_CJlwEPLpGUCtapm'),(7,7,'test_diary_sf2P4C00pKuwUg3'),(8,8,'test_diary_ivxiRaAuMpZ1arI'),(9,9,'frDRMhHaFHv0jWGnK4o6mjrGElWEAJTkygnB5J65ZSar1GQT5X'),(10,10,'test_diary_h0LCv0N1kOk25II'),(11,11,'test_diary_NacYj_CVrr29bh5'),(12,12,'hDDexoq0vMk4jyWXr1OjPGvubRRhQw8Nm2BwEzhUXh3dGobV7j'),(13,13,'test_diary_scR3Is7uCQQcRdM'),(14,14,'test_diary_Hl8474AVex49asA'),(15,15,'8gHshOCwtmLauQKAbLfv1rG77JNcWcUSTfbU92kNKq23wnKuWI'),(16,16,'test_diary_K3jzYYXVS4RSViz'),(17,17,'test_diary_uLkvRbNUtq0p_Ye'),(18,18,'FuZklo6wzqSNvt3NjsH6KtdtFePOJogw7HbvmtswtOCYROmSyU'),(19,19,'test_diary_6ZjJKfANv9U99ML'),(20,20,'test_diary_D5rZEPWGV8iwfIg'),(21,21,'yRfT5NtHhRQw_Obr07p1zZOuCk12qL1TE9kGAIx_99rkADuugX'),(22,22,'test_diary_Lz5XJgfsLN3zQXn'),(23,23,'test_diary_Du_Zbhqnl3AlJCK'),(24,24,'0vZ3AwOhjSqRSXgDt4WGMbDKPxb9INR6GJywEhnJZXiSn7hlGR'),(25,25,'test_diary_FBbYHtFEnsjO7Yf'),(26,26,'test_diary_O2m7w3rtOBHLKiL'),(27,27,'qh_GZmb79NkuLIvZqdTtSmZhYVkO6JQvHaxPuhk1ln4Jl7pvJ7'),(28,28,'test_diary_MnGJKA_XtAa0NLQ'),(29,29,'test_diary_Pp1qFgZhX8YQz4g'),(30,30,'EVule61fl_yzD83LGiwTw6I0KcNifMMnkUY6oRMab_t_QDIqUL'),(31,31,'test_diary_W12Il4f_D1GyF7L'),(32,32,'test_diary_v6sG0_OC2rMRxGW'),(33,33,'h8mXsv8kDO9m8Llv6xyQt2Yo3T1FByVw9arIlrZwDg_VLZ6Wdb'),(34,34,'test_diary_ZIQxM6NJIl_HEAk'),(35,35,'test_diary_ptK7Tvcrs8Frg6e'),(36,36,'Y6OWCJ6eCk7SvZVrgRPGSyxm3Y6c9Te12dA8DpTpWBlFJwklaC'),(37,37,'test_diary_GWING_UAEtruGDr'),(38,38,'test_diary_MeNwstLpHjSTzbw'),(39,39,'FDfzogWMz5Jcx0RIXhCAXo9xxTTn80L3IAe4SO9fmfaXy8tMxG'),(40,40,'NxKwYahjibEToOFuxq4EQXLuEwAWcuK6q2R_QofONPodV82A_J'),(41,41,'XhTH6E7B9AP62hc1nOlw_1blVUqUJlcRndrPeIsxupaWJDGPGA'),(42,42,'npjjsuCm_gxORrbO3x4JDJl48tpOwOlHqDJI19dKCt7FHQf4dJ'),(43,43,'MasVwAKRxgst2Z_7DXcuNhgYZMkJ0cJDJ8msyxKu7_u7C52DAr'),(44,44,'yvMGpApDvradfcZJPnRphO7oHZP9hiIVPbV3saUdysHYLCjFR7'),(45,45,'EnuGaTs9Up2geyNGUVdua2xyJqPzIndPTvkWCBPGX7M_Qynsxy'),(46,46,'PGiZkBKxJXjL_NN69DRJ3Kzyw15zJFUzaIantNl2rnh44EeIyW'),(47,47,'SqDQhlDoYSeLUvAs4p52t5Q7BqNQ8ceLuYZhJuWmvecVpb9oKL'),(48,48,'2k0gCAoYOU931DkWIqW3cWwjrrTeVJhwAW60ASf_ypc_3_X4xk'),(49,49,'xPcV9BKC_5aODxKA30POhWfKzZQ_JynWNpcGO0pOsg9OHh5VCD'),(50,50,'gxdSBbAB5EUPAmEObdsOblNCnZKuoEWsaIp3J2QcgrOXb7VO40'),(51,51,'B4jNg4tOQyrQqlbxmaJD0h57_6KUrX2n15nzCtqIkuJfv54PqH'),(52,52,'KZpvUn6y9_Wj9bCuakARrrNwwWEEuePz1b1ObDtWMmAhknKKwy'),(53,53,'UsBWzATD_uaiJeJ6mt_vvVJibHnHBR1l86tz_97pvWk2OofrTz'),(54,54,'8VAtqck_b_oconKPWzUpaJXI8VJ8GNfCVjicZC7nmbdgHSsV1r'),(55,55,'PuowTiA1KEiRQeAF0HSzQlfJfHJuWsTHiPp38we9ovniWIzbqj'),(56,56,'UwYyIj5DibJ_tDMVORk2dWWztCEJaI3EAayvvoTq3orEMegEqZ'),(57,57,'mP9PibAsYTrU2GQz9yJylZ90DlDnDKbrZtGNOYBTp2wfnwOVBb'),(58,58,'h7HaTvT9h1IbxTbPRQ9X_DKL0V6qRezZ7ksQlQWZOoj5jzgmYZ'),(59,59,'9StbGOuSi9hZT7Z4jPAMwGBhzxMhYzhcaQTZLEFxZHE3MipwVp'),(60,60,'XKXCGgxcyYo7QXmMBTdOt_xImNWXkJVtWxyDG0Hyb6lQI8ofCu'),(61,61,'iH4EaN67Oaf8VwshPHjknbWOCcFr1NQWxWSogrREkxGIsYnlVj'),(62,62,'NFCk5TeakmjP1IA31sTMYYhQsInELoT5g4mVIiqocxo_ZZv6ah'),(63,63,'GF653RTs3EJ3arShO1P6MclXN1oZzSTr19csTqkx3hn9blRRlV'),(64,64,'ubHtIQbwHSWsLAfvEF3XX1GAuk3KWfVBcdHxjEVGokFyiB4Vsx'),(65,65,'dwduhQF5uXV51O6lrBiTTy2N3sdLAmtVW45aKDICByy5aoTF3O'),(66,66,'OfC05aPLsnatdDKeFpuryr7twE6thWZlH2RnzrycdTHL6iCkBb'),(67,67,'MuZmnTiiXBvH_K79nck2LXW_nr_gOPyaaaOz61ps7AxCA7HpKU'),(68,68,'kDq8pjKv5vBeEU05TLOHc3bL7yqLTSrAWOqyHOAGsomRzpkMZe'),(69,69,'M4RAKQ9GA41bLNRpay2btOy12rwuMZbXoamDBPV4Fg5uszqZvp'),(70,70,'m2CAFa0AQNQdaCCCUbuvnOMjUHMpqUayPiVHd1_yuvctcS4dTK'),(71,71,'1liZBnjLBkY_K5skxYTSgojJ0MgCLwT3EYVl8opYpuEzZhAf8T'),(72,72,'bAZlpcP5YZxb93dhbgEuQ4aJke1HFSPkbcBPOx7HX2zP87SkSu'),(73,73,'pNQ9B3B9eYiOC1B65Pqf3mgA48m5qPhbhytCOQr6EfKUAye_45'),(74,74,'jYj4BomOG02Gw5A3a7cnkqCrc85s19QFIlv7_zrNCiSNg1BgGd'),(75,75,'sNaGQd7y7cbJqJK_oHeFbOJx0zLz4Ke9oEiwO6MKlLJhKyXLpT'),(76,76,'UUcvrmGdqc6Vf31gvuGuqFMH60qkWql0CpQiai2KK946n4Qn8p'),(77,77,'Gtk9r7A_CX7eW1tgohqtbDM5u56TIUCYEPKYVM0dUPBWcHOe1g'),(78,78,'aJ7_tcfNnJO2qd6QIK0_gMk6CKXPtatOp186Y5NKhWcouFrlKw'),(79,79,'KSqK5ek8ziljow9ARh5VYN_47p2OqRVSlFeoStCsVS2a3hENB1'),(80,80,'drC0KFGB2ydIxBB7ns73iq89Mv8wQtnXReQ_9RQ3kktAFBgbfR'),(81,81,'5FrEpQ3VbR6h8vvYrtM8KzaO__MLy_UFVFhzeKA7NkSBZIn8gz'),(82,82,'d1K1bNkZ3Mv5kqVzbtaJCrd4oX97NLeMGd6bLhCpW42YtBqb_c'),(83,83,'FgeUnqlmnudyd3yzXQ65xsyebtiIsF13ER2AY_2cfttdMMF0qk'),(84,84,'J8Vn3BcO9rFtx7oSyVaN9JyCrPBLuxb4Dc14xoAehRouZIqiV_'),(85,85,'Fkr6y7iLsxXABCgwNorPgUCA1ker7N4F4su5vQ8dqisA_vPh8a'),(86,86,'n_RTFA4SOk2taihaYfIACHFzTP9tjJ1QBTaZVOt83THPWtO0vc'),(87,87,'3h9B0ZvoMi8rNe62hfUWT0fvwNfYFPIzBlWukRmCGtevuDkOhJ'),(88,88,'fxH_JaS73QVck0G_EwuDLP7IkeaRsaVZNSWzB03AkEVrWu3P6O'),(89,89,'M5RkPtj1k7zHRDAM7BckNRyMI1yF9swsOSTDguvbuhs2crcz70'),(90,90,'MKtNDiTWEOUYE0uUibb4YyAseY5efxAtIrs27odAhrPYbfkTfn'),(91,91,'SlNfxED0FZ3JJnq3V4zz8xU7Vgt_MB9zezFzXnEU8ICx0HZfs4'),(92,92,'da_EyLEEyem2Mff3lrnAKWZPrfztYYSjsBdr514Ws3LgC4GQi2'),(93,93,'qr7cuCGhECYyO6F9MldW3DCKwlWNk75U0nNdOV_5SMbFkhjY4C'),(94,94,'T9qrGZ_bVZRtpKKZEa8julfqZnKY8_ZPdoCfuAV7yDuUOCNj24'),(95,95,'OHne9OqGQ7qpihFsbDXRIm9s6tI0rsX2T49x47ennPBCJAuPLD'),(96,96,'4P9AxJGNbHhBZEogj5BJAA2gvAEb9CPX_MiK7IBPzZICFovw4T'),(97,97,'JluunCAKbNUonhJPLKM7YyTmtf59gbeL2alN9ESwwxd2BtyUEW'),(98,98,'f03g8wNNXKC8XpPEGlxOf2Hfk1rUfqhF30ZZwIL6jWu8p_fTmD'),(99,99,'mNcwpbIKP95FzVAxEZRQ0XHwANRl7eN9umFi40WrPxubtJxmFa'),(100,100,'rvnQl8i_D1dwWQ8YoKUhdG5t5caFKhlMyLPONcdlwZdEEmUVys'),(101,101,'jPQeZyapw85J3y_u6PF_WxpSKanbcKyFPgm692oRw25oC3Q8Fi'),(102,102,'gQvlPuyhO8REFQl2WFkfjEc0DttELTUVgad6tamkkUHmIgEZ4K'),(103,103,'Oju_cVF57vtFfMk3nwqL00zmc0qNEfkI4vXBlWUU_Dmnr4dGUK'),(104,104,'5YvhqoCARgHghsL0x8OuM8JmLB4wwYhuOUNm8OXv4FF24kaikK'),(105,105,'xKqjP9hCzAXcqMX4DrHHVUyyC7G4OR14rAWV49P7spfVx0jniX'),(106,106,'1458QCcjG_zgO104yIvcuLOMkaRR5tKukHBexaNR8wvheEy7NT'),(107,107,'iLB0KLQOliAYoh4OdiBVorE5JhSnIPnMfOe3UuAmnJuolg9QO5'),(108,108,'M8pqF65uDIm1zuQiH_iodLwNxsQqzebB7_7Qteuk9IRMfNfzWv'),(109,109,'nXP9PLxLRVolnDTIwJXF1KVbjBCaW0O389FKCbG4EhpC4qSlRD'),(110,110,'cS9KgbKrbfkfsmOp59rFuMW6Ug4htfm0f0LCvQ_XuAGqBGp9UB'),(111,111,'vYtHjWqdKkfVTBjAoQt0wODtjAFezq4X1vzjLkHdJS87pDg4Po'),(112,112,'XVPd2AXHIFaQiMUkZ9iSjNzvfQAPG_H7gNzwQkTbNUtdNYIDge'),(113,113,'NFEVucGgmp81j8O4hsmGb67KM1tu3_0Ux7j3tP58oCw9qJpOfg'),(114,114,'v6tdoWC4QaLfEaHWcLTORdBRJA9MlS6RHNvb4o70QHkpyAslMV'),(115,115,'2k1vt_6QsY9Ntum_4mMiebLZhrXDBTEcJzFQu9W1nEQvwgmiC_'),(116,116,'il2uYUHIom11XfAEcymawCelIhz2JEcXJyOdmllhxLpqkSsQWo'),(117,117,'J_0dmJWLXX8XEQx0jMyztm6vb8UHWZINz5IE3ybWlBPDcVWnIj'),(118,118,'4obPARhMmKP1gHf1cutXVrHGwZPfwvPploWmwmcIjFRDx7WQzv'),(119,119,'KmRNg9XbRUBUzij2T8A1ctM0kEd4kiKKTWXyAlyjfc7asaBR5R'),(120,120,'U7hE62N3tlUPfzvyf78x3fvHwB2C5dGPVhybO3n8NMxKHNo8XE'),(121,121,'ZzaZJRjESg1yohuVVU0GTeC64IiQDdGLqhAELACil7HQ4_T5Bz'),(122,122,'IO6FBiVk42sBrRTfNJgDBYzddCWvSjMym7Bq2H6CH0ZAEygTMD'),(123,123,'qqU7n1_AOvBwdlgZ995lgjXaOFlsz35z4VxLef2458uqtmZEN0'),(124,124,'j9hm9f_6Vv8hF3NOoeUUAifFNh67LR4Hngo95oce5sbyUv_r13');
/*!40000 ALTER TABLE `diary` ENABLE KEYS */;
UNLOCK TABLES;

--
-- Table structure for table `entry`
--

DROP TABLE IF EXISTS `entry`;
/*!40101 SET @saved_cs_client     = @@character_set_client */;
/*!40101 SET character_set_client = utf8 */;
CREATE TABLE `entry` (
  `entry_id` bigint(20) unsigned NOT NULL AUTO_INCREMENT,
  `diary_id` bigint(20) unsigned NOT NULL,
  `title` varchar(255) NOT NULL,
  `body` text NOT NULL,
  `created_date` timestamp NOT NULL DEFAULT CURRENT_TIMESTAMP ON UPDATE CURRENT_TIMESTAMP,
  PRIMARY KEY (`entry_id`),
  KEY `diary_id` (`diary_id`,`created_date`)
) ENGINE=InnoDB AUTO_INCREMENT=129 DEFAULT CHARSET=utf8mb4;
/*!40101 SET character_set_client = @saved_cs_client */;

--
-- Dumping data for table `entry`
--

LOCK TABLES `entry` WRITE;
/*!40000 ALTER TABLE `entry` DISABLE KEYS */;
INSERT INTO `entry` VALUES (1,4,'test_diary_V7iTv4SrsYPTFXi','test_diary_B9npoly9HAcITEl','2016-08-17 13:54:24'),(2,5,'test_diary_wAmAXD3a1r8sZjn','test_diary_r6zBI9SR1uKKM0H','2016-08-17 13:54:25'),(3,6,'test_diary_LxGHrosNhODn90e','test_diary_nuhWTX0j9dRZAq4','2016-08-17 13:54:25'),(4,6,'test_diary_GU5MWvajWMyHt81','test_diary_b7Q4CEqfys3lIWS','2016-08-17 13:54:26'),(5,7,'test_diary_sf2P4C00pKuwUg3','test_diary_nSuVwy3Cm8xqjZU','2016-08-17 14:01:23'),(6,8,'test_diary_ivxiRaAuMpZ1arI','test_diary_KqSqOIlK3PrOK3Z','2016-08-17 14:01:23'),(7,0,'test_diary_KaNIG2o5kIbZrRd','test_diary_rXPYrrP5k8ICVH2','2016-08-17 14:01:23'),(8,0,'test_diary_79GdeFpzyq0Av_O','test_diary_OTBUSXMhoNMFBlB','2016-08-17 14:01:24'),(9,10,'test_diary_h0LCv0N1kOk25II','test_diary_D3wTS2ZpyJrjBYq','2016-08-17 14:05:20'),(10,11,'test_diary_NacYj_CVrr29bh5','test_diary_o5zBusR9V4F27Y7','2016-08-17 14:05:20'),(11,12,'test_diary_wmAmCD4Ce85Ys_R','test_diary_792_672K7dCpnsA','2016-08-17 14:05:20'),(12,12,'test_diary_7uYxtC_ii4onyZ4','test_diary_X3Qb40cNdhiGxFh','2016-08-17 14:05:21'),(13,13,'test_diary_scR3Is7uCQQcRdM','test_diary_YbAdInDBblILENJ','2016-08-17 14:09:46'),(14,14,'test_diary_Hl8474AVex49asA','test_diary_RkLnVk4MfbVg5sq','2016-08-17 14:09:46'),(15,15,'test_diary_znxRYpduGaSWuHD','test_diary_bH5amPdLSEixVxE','2016-08-17 14:09:46'),(16,15,'test_diary_k5AndLxdcOADNGW','test_diary_c_VXPsDV852Qq6B','2016-08-17 14:09:47'),(17,16,'test_diary_K3jzYYXVS4RSViz','test_diary_JGqyGiUprRlKBc1','2016-08-17 14:11:27'),(18,17,'test_diary_uLkvRbNUtq0p_Ye','test_diary_ZVuVs_5LdHEsuWx','2016-08-17 14:11:27'),(19,0,'test_diary_QjYF2qnIMREZFJ0','test_diary_iv_h2hZIaaYFJ78','2016-08-17 14:11:27'),(20,0,'test_diary_Lh98elNNT_yyHDN','test_diary_05X7iTycrhDaVT4','2016-08-17 14:11:28'),(21,19,'test_diary_6ZjJKfANv9U99ML','test_diary_bKTrIEZQsNB8p1Z','2016-08-17 14:12:02'),(22,20,'test_diary_D5rZEPWGV8iwfIg','test_diary_5IEBG_ZvPwvLbSs','2016-08-17 14:12:02'),(23,0,'test_diary_RHRWFl2rIxSiecW','test_diary_eYuEa1UnXWX_q88','2016-08-17 14:12:02'),(24,0,'test_diary_VHNZs516PjAoPNh','test_diary_aAnOv98k7hlvTOY','2016-08-17 14:12:03'),(25,22,'test_diary_Lz5XJgfsLN3zQXn','test_diary_LY0A9j9tSFskfQ2','2016-08-17 14:13:28'),(26,23,'test_diary_Du_Zbhqnl3AlJCK','test_diary_BW0u4oP0QKw0wH6','2016-08-17 14:13:28'),(27,24,'test_diary_Y6KNYfLpmjypf2t','test_diary_0fBYaZmgE0s_wo0','2016-08-17 14:13:28'),(28,24,'test_diary_do1lS1n7M2b2wox','test_diary_EauWlLs6hvJSJnz','2016-08-17 14:13:29'),(29,25,'test_diary_FBbYHtFEnsjO7Yf','test_diary_H1xbD7uOdqQ_pSt','2016-08-17 14:13:43'),(30,26,'test_diary_O2m7w3rtOBHLKiL','test_diary_mXvH8Syf7GO7q0G','2016-08-17 14:13:43'),(31,27,'test_diary_LDQyvG_Vk7ee7rw','test_diary_5KIExhbxjBJsQ76','2016-08-17 14:13:43'),(32,27,'test_diary_HUkPlB6Hw7nHgMs','test_diary_u1HQh720GPkXtZW','2016-08-17 14:13:44'),(33,28,'test_diary_MnGJKA_XtAa0NLQ','test_diary_3XYqxQIHfKyUz9D','2016-08-17 14:26:54'),(34,29,'test_diary_Pp1qFgZhX8YQz4g','test_diary_QeGLhm35bK59LwR','2016-08-17 14:26:54'),(35,30,'test_diary_J88W9dBnBiJ39lA','test_diary_H_CR2s_XlRinmuI','2016-08-17 14:26:54'),(36,30,'test_diary_6vno3HD7z9hO5vT','test_diary_RieRwXxeO65g7Jn','2016-08-17 14:26:55'),(37,31,'test_diary_W12Il4f_D1GyF7L','test_diary_ew9l3gs9Z0LXEiX','2016-08-17 14:32:06'),(38,32,'test_diary_v6sG0_OC2rMRxGW','test_diary_S1LWUgbY8wdHMfE','2016-08-17 14:32:06'),(39,33,'test_diary_D3vZhRerT1S431G','test_diary_7rG4tj3aRSUqIGp','2016-08-17 14:32:06'),(40,33,'test_diary_N4sg5aNAeKLPpTK','test_diary_o2OknnRgruWQbwS','2016-08-17 14:32:07'),(41,34,'test_diary_ZIQxM6NJIl_HEAk','test_diary_yXh2WK5RLz5Lhqv','2016-08-17 14:35:52'),(42,35,'test_diary_ptK7Tvcrs8Frg6e','test_diary_yg5sts77v7Sorjn','2016-08-17 14:35:52'),(43,36,'test_diary_qj32KPyWal4Vau5','test_diary_NcL2QIvzzbsMM8R','2016-08-17 14:35:52'),(44,36,'test_diary_jMPmqZIar5BN91W','test_diary_6u46YpZW1JPWZTr','2016-08-17 14:35:53'),(45,37,'test_diary_GWING_UAEtruGDr','test_diary_JEpb1LtoX8zUWyH','2016-08-17 14:44:24'),(46,38,'test_diary_MeNwstLpHjSTzbw','test_diary_dhHhImCO8oH77CY','2016-08-17 14:44:24'),(47,39,'test_diary_AsI5t1QAHqW9PSC','test_diary_JNwtIxBMLLhUm3F','2016-08-17 14:44:24'),(48,39,'test_diary_L0niYu7JMjOYTdS','test_diary_QMWibd5l3_xkK73','2016-08-17 14:44:25'),(49,40,'test_diary_yepenA59FzREw9L','test_diary_sYoFuo8BVaMZMfN','2016-08-17 14:46:04'),(50,41,'test_diary_UctcRxlCe_JOv5_','test_diary_PofbRN1f4Zc4ZAN','2016-08-17 14:46:04'),(51,42,'test_diary_sIdcNaGfAltdFzV','test_diary_pKoDjKwcIGZn2Vx','2016-08-17 14:46:04'),(52,42,'test_diary_0bgZn1tu3vV2WBV','test_diary_2TydZMh8AnjKfuU','2016-08-17 14:46:05'),(53,43,'test_diary_IGMUD4jIlTEEPw6','test_diary_tnxvGNQRxXGHuhG','2016-08-17 14:52:46'),(54,44,'test_diary_gH_CnZ5vUOcOp34','test_diary_379TWnkEjvyBvB8','2016-08-17 14:52:46'),(55,45,'test_diary__oLPgebXrgGOEQg','test_diary_uRyRA50dlkKYjHO','2016-08-17 14:52:46'),(56,45,'test_diary_Y3gQrHd3IYlkr7s','test_diary_YcCGQumBl_6Uldv','2016-08-17 14:52:47'),(57,47,'test_diary_ZIHhH190CNNQSCp','test_diary_8eIcJGbwm5I4xe_','2016-08-17 14:52:48'),(58,48,'test_diary_BfEdsNWrjpETBMu','test_diary_8RnVppUkRvEHEVE','2016-08-17 14:53:33'),(59,49,'test_diary_wIeCPmlEjG2iJW6','test_diary_rnV_N_NKLUi_4Oj','2016-08-17 14:53:33'),(60,50,'test_diary_UKjH0hm4NaDDzc7','test_diary_kTDHjAR8Q3SC6Mi','2016-08-17 14:53:33'),(61,50,'test_diary_t0Q1p53a1fLlNCX','test_diary_P5ql6os7UiUJOuS','2016-08-17 14:53:34'),(62,53,'test_diary_DZQvGC4ATGJo4ze','test_diary_Qf5X789zL21MgEN','2016-08-17 14:55:21'),(63,54,'test_diary_VJz39Sg85joLqhq','test_diary_LXDE0ku6RMdnixP','2016-08-17 14:55:21'),(64,55,'test_diary_gQY8c95AdNEzNST','test_diary_dobC8qSxF5hKZrW','2016-08-17 14:55:21'),(65,55,'test_diary_ZURpkYCWPlQl3cU','test_diary_ZJ9XWB4nJEwNpZm','2016-08-17 14:55:22'),(66,57,'test_diary_lEdfm2KvG52VMYJ','test_diary_ZjDxqDckCiHOWyM','2016-08-17 14:55:23'),(67,58,'test_diary_sWy8yKQvuS6guGi','test_diary_e5ygGowHuiLDh6J','2016-08-17 14:58:43'),(68,59,'test_diary_zBmrMvvhxDw4moa','test_diary_YTSSfRC8QVRLsAn','2016-08-17 14:58:43'),(69,60,'test_diary_BosfPYIbJ5h8ROv','test_diary_ghS60U34p0jEwwj','2016-08-17 14:58:43'),(70,60,'test_diary_mvWT2shLKPqYWRK','test_diary_YQK2nF1eZZkbHog','2016-08-17 14:58:44'),(71,62,'test_diary_D0jnTSO_A63puyn','test_diary_wDfIiBgxBn9tlTa','2016-08-17 14:58:45'),(72,63,'test_diary_neos2So7XrZxtGK','test_diary_dAhhyohBfn4Ltsd','2016-08-17 15:01:36'),(73,64,'test_diary_p15ZgadvQVcXQqs','test_diary_lrLyVRwcVmtwT7d','2016-08-17 15:01:36'),(74,65,'test_diary_dx5KGbSSGKVaNlg','test_diary_W7CVehKhhuAw3zO','2016-08-17 15:01:36'),(75,65,'test_diary_7F1R9VaSQUPSbXB','test_diary_wM5jEdhxsHKi1lV','2016-08-17 15:01:37'),(76,67,'Dc3KcwRuqn5DrFR8lDVr4YPC2KPt2jMckWRUt5hTjEHz3pKS1N','ZnLzsSF_UTjag_cw_mABOmMHvM9WMKLpZc45Xg9qOsfev1wUXb','2016-08-17 15:01:38'),(77,68,'test_diary_MTluefHEuwTVQmf','test_diary_MDLAA4ecQ9UClS_','2016-08-17 15:02:31'),(78,69,'test_diary_yEz7SO_hV8OBLSg','test_diary_mSUel9OjNEGcdpK','2016-08-17 15:02:31'),(79,70,'test_diary_SmrBD4DueLv6Vet','test_diary_GlYWoxH2HyW2PMv','2016-08-17 15:02:31'),(80,70,'test_diary_kKMWrLD5_TSnWGC','test_diary_dNTcHjkFEUZiQ5C','2016-08-17 15:02:32'),(81,72,'POckctCWV0yvjPBEqZG66PKmaceTTfVTaaVpLg3rdx1Q5wKSz1','yRKNbQNfSR5LUziXNilf47VAZX2zoc6zGMX48Ca80MYs9qUj98','2016-08-17 15:02:33'),(82,73,'test_diary_CeE4CPTiHXmELvW','test_diary__8F1xAU6xLCiVm7','2016-08-17 15:04:38'),(83,74,'test_diary_TUiwgl5jgYF7dvz','test_diary_N7j4GVezZELs5z0','2016-08-17 15:04:38'),(84,75,'test_diary_93fqZ29ViWQnktx','test_diary_wR8Z2nhOfY2zRIH','2016-08-17 15:04:38'),(85,75,'test_diary_wpGjvJjpoI_ah5g','test_diary_OIYXiqEPQx6qN3e','2016-08-17 15:04:39'),(86,77,'test_diary_qpwXwsWzM9zWqkA','test_diary_RO8lR4pS8ViTaam','2016-08-18 00:04:40'),(87,78,'test_diary_0O6NPq0SYDfPmRI','test_diary_lGwBTZYWPLNqvD1','2016-08-17 15:06:35'),(88,79,'test_diary_DAYxZFFOTGd0Wez','test_diary_FGeyuPIOFF051Am','2016-08-17 15:06:35'),(89,80,'test_diary_UvrLb7RytvILBiy','test_diary_uEup6yRAmjo1nd2','2016-08-17 15:06:35'),(90,80,'test_diary_Qq0G5xGWuadfZQo','test_diary_P7qlFr49W_aEJjV','2016-08-17 15:06:36'),(91,82,'test_diary_nSQCK5e6KwJfSH8','test_diary_Tlyu8MUWXCEMLk7','2016-08-18 00:06:37'),(92,83,'test_diary_7yjpsX8XNPGqwzm','test_diary_5SpHH2JQWsx9N7w','2016-08-17 15:09:45'),(93,84,'test_diary_wPUSZ4NjklnypSx','test_diary_o87dspfvFP7zNmA','2016-08-17 15:09:45'),(94,85,'test_diary_2i6qNQ_sjvA74Uf','test_diary_r3epWQ1UBdxUjMt','2016-08-17 15:09:45'),(95,85,'test_diary_et8a9OW_HI87qzU','test_diary_dPSKAxzl_JuNG66','2016-08-17 15:09:46'),(96,87,'test_diary_4UFNNU1vmpqGN4Q','test_diary_UR2lvSQk8FqBacU','2016-08-18 00:09:47'),(97,88,'test_diary_u8eCqfUmAksiJDy','test_diary_mwQEKOaj0A4wZJC','2016-08-17 15:15:28'),(98,89,'test_diary_em6BwJm_KUTf8ta','test_diary_mcz0AIx65JQ79AN','2016-08-17 15:15:28'),(99,91,'dAOSI8PxXWOxUbnZr3q2Z75wR5GoYAH1yvMQY_jhtH2G2Z1Ia6','WkKJHULDNk084D8OMokWaeisfWKNdDsyO_vQjBRa2KWlLxugTf','2016-08-17 15:15:28'),(100,92,'test_diary_56spCLi7jVN0_Av','test_diary_D4FeWhvOGzF0ncG','2016-08-17 15:15:28'),(101,92,'test_diary_bkfSTrVuRR5bK0V','test_diary_C_8zbxtHxVUZkrt','2016-08-17 15:15:29'),(102,94,'test_diary_dTuAsQd41rM2_Mi','test_diary_jrm5HpMeqDXgCNu','2016-08-18 00:15:30'),(103,95,'test_diary_ZKexcvGMwd3I9nc','test_diary_vqLZcUlxlYbKVex','2016-08-17 15:18:27'),(104,96,'test_diary_K7OjO6tByw4h7vI','test_diary_LXq7sqGNWew9_2V','2016-08-17 15:18:27'),(106,99,'test_diary_PqtUBacYJyboTGH','test_diary_lcDwyC1m6SIGkbA','2016-08-17 15:18:27'),(107,99,'test_diary_GU823QT2DsJh2mb','test_diary_mE19AncNx0KRLXL','2016-08-17 15:18:28'),(108,101,'test_diary_ckfvmgO3dkKzhzK','test_diary_OJIlsRQdDRFrofk','2016-08-18 00:18:29'),(109,102,'test_diary_M5tX3EhvUxyEmMU','test_diary_59ImkEDvTr92jBZ','2016-08-17 15:23:52'),(110,103,'test_diary_YpLH4sz3CKUJscF','test_diary_lJbbPHnS6jSt_Bo','2016-08-17 15:23:52'),(112,106,'test_diary_fN784_1fZPDcjhR','test_diary_Ro_nX8wvDM_gEev','2016-08-17 15:23:52'),(113,106,'test_diary_3cJpIiJecl4NSdN','test_diary_IIhb88ih_IJgxoS','2016-08-17 15:23:53'),(114,108,'test_diary_hZae3sKpQs3f49_','test_diary_toHPNktmisNC5JC','2016-08-18 00:23:54'),(115,109,'test_diary_wpUzzJMesv0VQms','test_diary_m05EmLcKm0cwvbw','2016-08-17 15:46:12'),(116,110,'test_diary_yFCiX5zDFAN3Mjq','test_diary_0bGFddI3ai0K6R5','2016-08-17 15:46:12'),(118,113,'test_diary_hS_JsKMJhFwRRNw','test_diary_9b7Gj9fbKuQxwqs','2016-08-17 15:46:12'),(119,113,'test_diary_gCAK2B10SQwrpVh','test_diary_CKYsCC2tqwrqEAN','2016-08-17 15:46:13'),(120,114,'ydYJ1A5ldgNSa62C5C3f7i0ehFAr3tVZuvSAok7wHyUaV62isC','OryZJ_KhgXBqgTFsvanrIOZYWnO1e5N54KyzMC38WS8DT7zKxM','2016-08-17 15:46:14'),(121,116,'test_diary_rNGWzMggjEbMT_G','test_diary_X15HzSzc82F0ZVF','2016-08-18 00:46:14'),(122,117,'test_diary_V97IAKkn8FqrGtK','test_diary_geLi504r_VpU2qg','2016-08-17 15:47:03'),(123,118,'test_diary_Qn32g1lh9Tc_MTL','test_diary_zcil6XVfBkRh7pV','2016-08-17 15:47:03'),(125,121,'test_diary_W6vdwKHDY0NXhCq','test_diary__8GIx69Sn5daBff','2016-08-17 15:47:03'),(126,121,'test_diary_VNyJ22aKKZlf1na','test_diary_udqS61aeAPdNFb4','2016-08-17 15:47:04'),(127,122,'4kJO3ACUexiO8OMx0qmTxj0y81cmTt3u3odyePjJfaTB9eaoNW','VB_8qKX3H_StHSTnSvyXeZfQmtKw2vz46StJsoqPNvcvEMvDXZ','2016-08-17 15:47:05'),(128,124,'test_diary_uY3TlHvWx6xFRIp','test_diary_LgH6zImXs6iCYx7','2016-08-18 00:47:05');
/*!40000 ALTER TABLE `entry` ENABLE KEYS */;
UNLOCK TABLES;

--
-- Table structure for table `user`
--

DROP TABLE IF EXISTS `user`;
/*!40101 SET @saved_cs_client     = @@character_set_client */;
/*!40101 SET character_set_client = utf8 */;
CREATE TABLE `user` (
  `user_id` bigint(20) unsigned NOT NULL AUTO_INCREMENT,
  `name` varchar(32) NOT NULL,
  PRIMARY KEY (`user_id`),
  UNIQUE KEY `name` (`name`)
) ENGINE=InnoDB AUTO_INCREMENT=125 DEFAULT CHARSET=utf8mb4;
/*!40101 SET character_set_client = @saved_cs_client */;

--
-- Dumping data for table `user`
--

LOCK TABLES `user` WRITE;
/*!40000 ALTER TABLE `user` DISABLE KEYS */;
INSERT INTO `user` VALUES (29,'test_diary_4KWawkmCjPT1B6V'),(10,'test_diary_8ijJpNzHGVxPtSX'),(1,'test_diary_9eDlN6q7quTrSHx'),(22,'test_diary_9Lz5vRI_Ozlh0kU'),(25,'test_diary_b31Zlx_RROGyI9k'),(23,'test_diary_D2v8S8azvTpQJWG'),(3,'test_diary_DRbl2BgaIfbyoKK'),(14,'test_diary_eSPoRb46eKf6VfJ'),(20,'test_diary_H9PRQoYyb71mcrc'),(28,'test_diary_hmIHUI9haSToMJk'),(13,'test_diary_KtBCcQhhVwOMxGB'),(8,'test_diary_Lm3E7VaaeR78EeH'),(26,'test_diary_n61ExLEoTSi_V5i'),(4,'test_diary_NkFZ0zNmaoeHPPp'),(11,'test_diary_P1SbvtsOXhgkpXO'),(2,'test_diary_PlN8vXC1zGanWhi'),(7,'test_diary_pvV6A2ajAWdQ3jZ'),(16,'test_diary_qQRhSkgAdYe6VNX'),(5,'test_diary_XAfiQpYBVU1znIv'),(19,'test_diary_YLOLxa4ZewNADww'),(31,'test_diary_zav2RXh_oxIbdEb'),(17,'test_diary__JjB6DGNEBfSXHw'),(100,'test_user_0RujaJaczRlO7u8'),(62,'test_user_1MqKAbesfLdE667'),(102,'test_user_1QoGMV6bEOwbZLQ'),(24,'test_user_3pjOo9kE6_ZbprV'),(39,'test_user_43Iyx0fE1JIVm4e'),(44,'test_user_4ANccfoOLFGpcWh'),(120,'test_user_4LUSh6INfgXbmOs'),(122,'test_user_4teNbwCNzdyefZD'),(101,'test_user_56K9OsUN5S1UV7d'),(81,'test_user_5WC_yJszF1K9kE3'),(6,'test_user_6CnM_6OkkAMbiGn'),(97,'test_user_6jYxggGz7AnXg0B'),(32,'test_user_6v3x032UlcKL2Qr'),(66,'test_user_6Wj51KBOjQo0lV6'),(124,'test_user_7DkqF5OlLvn7b_N'),(74,'test_user_7WzoyvgQN5Xr8Qp'),(86,'test_user_8Bue87PFhHcGs2s'),(27,'test_user_8ei46TkS7MXJpHF'),(34,'test_user_8k4Q25241sYl44M'),(68,'test_user_Acyz13h9UnlgCX7'),(57,'test_user_AExnekTT1JnZeLH'),(106,'test_user_AJWOCbJVsTGl_A7'),(104,'test_user_ATpzSTCNMPrxXiZ'),(107,'test_user_aunckDlsFnAS5WJ'),(105,'test_user_AxbqjMgdizgmMk2'),(60,'test_user_B5Gut2WMbc1mZFS'),(55,'test_user_b9JS4iHcALLvQFx'),(59,'test_user_Bd45ipY1tUoGuUN'),(54,'test_user_BHRHXvbpZTyapbD'),(108,'test_user_Bl5lPGbg_qaPyn2'),(71,'test_user_br864oxxVfl_jYs'),(119,'test_user_BrfxelTgNglmk4j'),(76,'test_user_bXRA1VDyFtnpBYp'),(103,'test_user_bZoIvOXuywfMmFN'),(48,'test_user_CjksC_PgfJoLAxZ'),(43,'test_user_COumS1lkUSX0kDd'),(38,'test_user_D3LiwXEcnTLhdu_'),(80,'test_user_d3oL2peAaZRDeic'),(12,'test_user_D54ezGzAqA3dnSu'),(69,'test_user_Dy5RALE3xzYPtee'),(93,'test_user_e0Bq7Z5C34CXHjC'),(42,'test_user_ERLRMEDGNc6Xv5D'),(64,'test_user_F6e5lzqupWEKY_5'),(95,'test_user_FAR7ZHJW0N7zmCR'),(89,'test_user_GHp1b5xgldLjYU0'),(75,'test_user_GiNQK58XSqqvpWA'),(112,'test_user_GuWjA6Kx9XjF0Zx'),(82,'test_user_igCl_vKe5ViXDbc'),(72,'test_user_ihEDaLkitGoY9VY'),(65,'test_user_INms0ixfHGrHHcO'),(110,'test_user_jynfHUwVT5b_y3X'),(118,'test_user_kMpAUEsUNstdHbx'),(117,'test_user_LAw3CUM84MFmQU7'),(33,'test_user_lg1kOZzgMnpTBBF'),(70,'test_user_Lo5NqJtGGKX0JL5'),(84,'test_user_LzMwkzX4srQJhOu'),(53,'test_user_MddcfK_LV3BHF4g'),(90,'test_user_MNkOacafwBrx054'),(87,'test_user_n0dY_vdIDSOPgAz'),(9,'test_user_nqSjnPob5hjOTUr'),(91,'test_user_nuleKhCM0IgAonC'),(21,'test_user_NwNjN5wE7OeyA4Z'),(88,'test_user_NWyk4gj6omlbjsb'),(58,'test_user_oKRwX0eTZpwivDY'),(40,'test_user_ounZ5QoY0eml0Ii'),(30,'test_user_oz4IK4HLusCulK9'),(52,'test_user_pvLVng5wuELoYcA'),(83,'test_user_QdYo0W99kXMZZnf'),(46,'test_user_qg_hvdDaD0vLiqn'),(79,'test_user_qK31YoENz_LraqJ'),(47,'test_user_qmiAeEh9zTldn6k'),(92,'test_user_rBhodIHRRP4yJ5O'),(73,'test_user_RDOIS1wJwhXTPjV'),(78,'test_user_RKnPMtRcR6U9YfV'),(94,'test_user_sb4tDLLmUhNF1Wb'),(56,'test_user_seKhiXjjsR8SpFr'),(51,'test_user_snOm2TucEce18ru'),(96,'test_user_Srw3jGNl_wIOt9y'),(37,'test_user_TAlxQBqhAC5UCBc'),(36,'test_user_tKibeKLwcdQh0x4'),(115,'test_user_tO8Kud37v5caOQF'),(61,'test_user_Tr5q_lhGG4yvOjH'),(67,'test_user_uA_oBsG09_Xeh2U'),(113,'test_user_UJN9dB8eQCraP07'),(41,'test_user_uRPbxMGVRrC1Sk7'),(114,'test_user_VaUcH2_Ln6QwL4v'),(77,'test_user_VFtMEr8IHbEDdZf'),(85,'test_user_vhNeKVMsJA8uivm'),(45,'test_user_w8w4T1ODqv_HW3m'),(109,'test_user_WewQ3eRPI3bZALv'),(99,'test_user_WqwtxoRUOETHi7u'),(15,'test_user_WVmgFTieF5zVv3i'),(98,'test_user_XDRupAhiq7MzAQc'),(35,'test_user_xtykhdhPPsaZDyt'),(111,'test_user_Y3XSPeOl47qVtVG'),(49,'test_user_yQBwirGojs7ViPI'),(18,'test_user_Z7ySuuII_dU8U_G'),(50,'test_user_ZeSOukBoOP_w4op'),(116,'test_user_zvEOh4cHzF_8NXH'),(63,'test_user_zzLYup7AEmOXSE1'),(121,'test_user_ZzXup7clHtM7Y1l'),(123,'test_user__am1CMUZ5jdWOT2');
/*!40000 ALTER TABLE `user` ENABLE KEYS */;
UNLOCK TABLES;
/*!40103 SET TIME_ZONE=@OLD_TIME_ZONE */;

/*!40101 SET SQL_MODE=@OLD_SQL_MODE */;
/*!40014 SET FOREIGN_KEY_CHECKS=@OLD_FOREIGN_KEY_CHECKS */;
/*!40014 SET UNIQUE_CHECKS=@OLD_UNIQUE_CHECKS */;
/*!40101 SET CHARACTER_SET_CLIENT=@OLD_CHARACTER_SET_CLIENT */;
/*!40101 SET CHARACTER_SET_RESULTS=@OLD_CHARACTER_SET_RESULTS */;
/*!40101 SET COLLATION_CONNECTION=@OLD_COLLATION_CONNECTION */;
/*!40111 SET SQL_NOTES=@OLD_SQL_NOTES */;

-- Dump completed on 2016-08-18  9:54:13
